OrderYear,Color,Revenue
2021,Red,6019614.015699884
2022,Black,1.4005242975200394E7
2023,Black,1.5047694369201014E7
2024,Yellow,6368158.478900213
