ProductCategoryName,AvgLeadTimeInBusinessDays
,5.010809231668127
Accessories,5.0065279164426695
Bikes,5.003371598298146
Clothing,5.005067001675042
Components,5.001078528537282
